section;name;description;price;brand;image;style;gender
tablasdesurf;Pukas Mustache;La Pukas Mustache de Pukas Surf es la tabla ideal para riders de nivel intermedio a avanzado que buscan versatilidad y rendimiento. Su diseño moderno twin/2+1 ofrece maniobrabilidad y velocidad en olas de 2 a 5 pies. El contorno ancho en la nariz y su especial cola 'Mustache swallow' facilitan el remado y las maniobras precisas.;750,00;Puskas;https://www.singlequiver.com/40508-large_default/pukas-mustache.jpg;Short Boards;
tablasdesurf;Pukas Easy Mood;La Easy Mood de Pukas es la elección perfecta para surfistas que desean equilibrio entre rendimiento y facilidad. Su diseño con contorno curvado, nariz generosa y cola ancha brinda velocidad en condiciones suaves. Con su excelente capacidad de remada, esta tabla te impulsará en cada ola.;720,00;Puskas;https://www.singlequiver.com/40513-large_default/easy-mood.jpg;Short Boards;
tablasdesurf;Al Merrick Bobby Quad;La CI Boby Quad es la nueva tabla de surf de Bobby Martinez. Un quad corto ideal para garantizar la máxima diversión incluso en los días de olas pequeñas y débiles. La nueva CI Bobby Quad te dará un extra de velocidad y agarre en los giros;805,00;Al Merrick;https://www.singlequiver.com/33907-large_default/al-merrick-bobby-quad.jpg;Short Boards;
tablasdesurf;Chilli HKII;Chilli Surfboards presenta la HKII. Actualizando sin problemas su popular modelo y una de nuestra tablas de surf Chilli favoritas la Hot Knife, la HKII se convierte en una shortboard polivalente de transición. Esta tabla es increíblemente fácil de usar y muestra tolerancia en todo tipo de condiciones.;699,00;Chilli;https://www.singlequiver.com/39072-large_default/chilli-hk2.jpg;Short Boards;
tablasdesurf;Pukas Easy Mood;La Easy Mood de Pukas es la elección perfecta para surfistas que desean equilibrio entre rendimiento y facilidad. Su diseño con contorno curvado, nariz generosa y cola ancha brinda velocidad en condiciones suaves. Con su excelente capacidad de remada, esta tabla te impulsará en cada ola.;720,00;Puskas;https://www.singlequiver.com/40513-large_default/easy-mood.jpg;Short Boards;
tablasdesurf;Clayton Swivel;La Swivel es una tabla redondeada ,con un outline diferente que aporta estabilidad y una fácil remada.;490,00;Clayton;https://www.singlequiver.com/23617-large_default/tabla-de-surf-clayton-swivel.jpg;Short Boards;
tablasdesurf;Chilli Surfboards Rare Bird;The Rare Bird by Chilli  es una de las tablas de surf más versátiles de la colección de tablas de surf Chilli. La configuración de 5 quillas le ayuda a adaptarse a la mayoría de las condiciones, desde pequeñas olas hasta tubos huecos. El Rare Bird ha demostrado ser uno de los modelos más populares de la gama Chilli.;699,00;Chilli;https://www.singlequiver.com/36702-large_default/chilli-surfboards-rare-bird.jpg;Short Boards;
tablasdesurf;CI BIG HAPPY;La CI Big Happy es ideal para surfistas mayores o más grandes que no renuncian al rendimiento. Diseñada para combinar facilidad de remada y maniobrabilidad, esta tabla cuenta con un rocker de entrada bajo, espesor generoso en la parte delantera, cantos afinados y un suave concavo único. Ideal para quienes buscan mantener agilidad y diversión en las olas. Descubre sus dimensiones detalladas y encuentra tu ajuste perfecto para surfear mejor y ser feliz en el agua.;815,00;Channel Islands;https://www.singlequiver.com/39557-large_default/ci-big-happy-al-merrik.jpg;Mid Length;
tablasdesurf;Al Merrick CI Mid;La  Al Merrick CI Mid es una tabla súper versátil que va muy bien en las olas verticales y rápidas. Estamos ante un diseño clásico moderno Mid Length resultado de una divertida colaboración con Devon Howard, un surfista del sur de California, que ha pasado las dos últimas décadas surfeando y refinando modelos de tabla de surf inspirados en los egg clásicos.;835,00;Al Merrick;https://www.singlequiver.com/27573-large_default/al-merrick-ci-mid.jpg;Mid Length;
tablasdesurf;MIDGICIAN SHARPEYE;Descubre el Midgician Sharp Eye, el nuevo Midlength de Sharpeye Surfboards diseñado para un rendimiento superior en olas pequeñas y medianas. Ideal para todos los niveles de habilidad, esta tabla ofrece un diseño versátil y estable que combina una entrada y salida planas con contornos inferiores que optimizan la velocidad y la maniobrabilidad. Disponible en construcciones PU y E3-Lite, es la opción perfecta para surfistas que buscan una experiencia similar a la de una tabla corta con las ventajas de una longitud media.;840,00;Midgician;https://www.singlequiver.com/39433-large_default/midgician-sharpeye.jpg;Mid Length;
tablasdesurf;Pyzel SurfBoard Mid Length Crisis;La Mid Crisis de Pyzel Surfboards es un mid length fácil de remar, sensible y suelta, tiene un outline semi-tradicional, de punto ancho hacia adelante, que es elegante para un impulso rápido hacia abajo, pero con suficiente cuerpo para proporcionar estabilidad y deslizamiento en olas más débiles y lentas.;860,00;Pyzel;https://www.singlequiver.com/32204-large_default/pyzel-mid-length-crisis.jpg;Mid Length;
tablasdesurf;Chilli Mid Strength;La Chilli Mid Strength es una tabla mid length de remada fácil, con más litros de los normales para Chilli, rozando una longboard y una tabla de surf ideal para un surfista de nivel intermedio que busca pasarlo en grande en los días normales. No te pierdas nuestra REVIEW de la CHILLI MID;742,00;Chilli;https://www.singlequiver.com/28251-large_default/chilli-mid-strength.jpg;Mid Length;
tablasdesurf;INDIO MID LENGTH Pink;La INDIO Midlenght es la nueva tabla mid de la marca Indio Surfboards. Una máquina de coger olas para los surfistas que buscan estabilidad y remada. Quillas incluidas.;485,00;Indio;https://www.singlequiver.com/39728-large_default/indio-midlenght-light-pink.jpg;Mid Length;
tablasdesurf;INDIO MID LENGTH Mint;La INDIO Midlenght es la nueva tabla mid de la marca Indio Surfboards. Una máquina de coger olas para los surfistas que buscan estabilidad y remada. Quillas incluidas.;485,00;Indio;https://www.singlequiver.com/39726-large_default/indio-midlenght-light-blue.jpg;Mid Length;
tablasdesurf;Al Merrick CI Mid 7.10'' FUTURES;La tabla de surf Al Merrick CI Mid RESINA TINTADA 7.10  FUTURES  2+1 en stock para envío inmediato.;946,00;Al Merrick;https://www.singlequiver.com/37923-large_default/ci-mid-channel-islands-futures.jpg;Mid Length;
tablasdesurf;CI Mid 6.6'' FCS2;La tabla de surf Al Merrick CI Mid Resina Tintada Naranja 6’6 x 20 1/2 x 2 9/16 x 37.8L FCS 2+1 in stock  en stock;930,00;Channel Islands;https://www.singlequiver.com/37237-large_default/ci-mid-66-fcs2.jpg;Mid Length;
tablasdesurf;ALMOND 6'10 Plez Phez - Clear + Rice Paper;Almond Surfboard en stock para envío en 24-48 horas.;1.492,00;Almond;https://www.singlequiver.com/35254-large_default/almond-6-10-plez-phez-clear-rice-paper.jpg;Mid Length;
tablasdesurf;CHRISTENSON NAUTILUS 6.10;La Chris Christenson Nautilus está diseñada para llenar ese eslabón perdido entre las longitudes medias y el rendimiento más corto y los diseños alternativos. Un mid length surfboard con el sello de Christenson.;884,85;Christenson;https://www.singlequiver.com/38875-large_default/christenson-nautilus-610.jpg;Mid Length;
tablasdesurf;T&C THE SINNER Retro Clear;La SINR es la última incorporación de Town and Country al tipo de tablas de surf twinfin. Un tabla twin fin divertida ideal para olas de tamaño intermedio de 1m a 1m50.;875,00;Town and Country;https://www.singlequiver.com/38665-large_default/tc-the-sinr-retro-clear.jpg;Fish;
tablasdesurf;One Bad Egg MARK PHIPPS;La One Bad Egg de Mark Phipps  es una tabla versátil y potente para surfistas intermedios y avanzados. Su diseño Egg con rails bajos y concave en V ofrece velocidad, estabilidad y una excelente remada. Ideal para olas de altura media a grande, esta tabla proporciona equilibrio y maniobrabilidad en diversas condiciones. Perfecta para quienes buscan rendimiento y confort en cada sesión.;795,00;Mark Phipps;https://www.singlequiver.com/40043-large_default/one-bad-egg-mark-phipps.jpg;Mid Length;
tablasdesurf;Tabla de Surf Clayton Retro Fish;Tabla de surf Retro Fish de la marca Clayton es una tabla modernizada con un diseño clásico.;490,00;Clayton;https://www.singlequiver.com/23390-large_default/tabla-de-surf-clayton-retro-fish-5-4.jpg;Fish;
tablasdesurf;Al Merrick Fish Beard;La Al Merrick Fish Beard es el twinfin más popular de Channel Islands. El CI Fishbeard tiene su origen cuando Parker Coffin pide a Britt Merrick transformar su NECK BEARD 2 en un twin fin.;795,00;Al Merrick;https://www.singlequiver.com/27423-large_default/fish-beard-channel-islands.jpg;Fish;
tablasdesurf;INDIO Endurance DAB Fire;La INDIO Endurance DAB es un twin fin con cola fish estilo clásico que ha sido progresivamente actualizado a lo largo de los años para adaptarse al estilo de surfing más actual. Quillas no incluidas.;485,00;Indio;https://www.singlequiver.com/39529-large_default/indio-endurance-dab-india.jpg;Fish;
tablasdesurf;Chilli Surfboards Sugar;La Sugar Chilli Surfboards  es un twin fin clásico con un toque moderno. Una tabla de surf pensada para todo tipo de surfistas y para olas de hasta 1.5 metros.;699,00;Chilli;https://www.singlequiver.com/26742-large_default/chilli-surfboards-sugar.jpg;Fish;
tablasdesurf;Tabla Clayton Egg Naranja;Tabla de la marca Clayton en color naranja. Plazo de entrega 24h.;470,00;Clayton;https://www.singlequiver.com/32251-large_default/tabla-clayton-tipo-egg.jpg;Fish;
tablasdesurf;CI FEB FISH 5.11 futures White;"La Channel Islands February Fish 5'11"" Futures ofrece velocidad y control en olas pequeñas y medianas, inspirada en el estilo de Michael February. Disponible para envío inmediato en medida 5'11"" x 21 1/8"" x 2 5/8"" (39.7L).";795,00;Channel Islands;https://www.singlequiver.com/40095-large_default/ci-february-fish-511.jpg;Fish;
tablasdesurf;Lightning Bolt Craig Hollingsworth Fish Yellow/Yellow/Red;Consulta con nosotros para tablas de surf de Lightning Bolt Surfboards en stock para envío en 24-48 horas.;990,00;Lightning Bolt;https://www.singlequiver.com/32507-large_default/lightning-bolt-craig-hollingsworth-fish-yellow-yellow-red.jpg;Fish;
tablasdesurf;Chris Christenson Fish 5.04;La Christenson Fish es una tabla muy polivalente que funciona en todo tipo de condiciones,  pero cuando saca su mayor rendimiento es en olas entre 0,5 y 1 metro de altura;888,00;Chris Christenson;https://www.singlequiver.com/39438-large_default/chris-christenson-fish-504.jpg;Fish;
tablasdesurf;Firewire Too Fish Machado 5.6 Futures;La Firewire Too Fish es la última innovación de Firewire Surfboards en colaboración con Rob Machado. Esta versión modernizada del popular modelo Twin Fin Go Fish está diseñada para mejorar la velocidad y funcionalidad en olas pequeñas a medianas. Destaca por su fondo de cóncavo simple para transiciones suaves y una construcción Helium que aumenta la durabilidad y reduce el peso. Ideal para surfistas que buscan rendimiento en condiciones de 1 a 5 pies, esta tabla es perfecta para una amplia variedad de olas y garantiza diversión y maniobrabilidad excepcionales;712,00;Firewire Surfboards;https://www.singlequiver.com/39436-large_default/firewire-too-fish-machado-56-futures.jpg;Fish;
tablasdesurf;Al Merrick CI Mid;La  Al Merrick CI Mid es una tabla súper versátil que va muy bien en las olas verticales y rápidas. Estamos ante un diseño clásico moderno Mid Length resultado de una divertida colaboración con Devon Howard, un surfista del sur de California, que ha pasado las dos últimas décadas surfeando y refinando modelos de tabla de surf inspirados en los egg clásicos.;835,00;Al Merrick;https://www.singlequiver.com/27573-large_default/al-merrick-ci-mid.jpg;Single Fin;
tablasdesurf;Lightning Bolt RORY RUSSELL PIPELINER Black/Black/Red;Consulta con nosotros para tablas de surf de Lightning Bolt Surfboards en stock para envío en 24-48 horas.;4.000,00;Lightning Bolt;https://www.singlequiver.com/32530-large_default/lightning-bolt-rr-pipeliner-black-black-red.jpg;Single Fin;
tablasdesurf;Tabla de Surf Clayton Single Fin Model;La tabla Clayton Single Fin es nuestra interpretación del tablero montado por la mayoría de los surfistas durante el surf profesional en los años 70.;475,00;Clayton;https://www.singlequiver.com/23648-large_default/tabla-de-surf-clayton-single-fin-model.jpg;Single Fin;
tablasdesurf;Lightning Bolt Rr Pipeliner With Pinline Bordeaux/Bordeaux/Yellow;Consulta con nosotros para tablas de surf de Lightning Bolt Surfboards en stock para envío en 24-48 horas.;4.000,00;Lightning Bolt;https://www.singlequiver.com/32528-large_default/lightning-bolt-rr-pipeliner-with-pinline-bordeaux-bordeaux-yellow.jpg;Single Fin;
tablasdesurf;ALMOND 6'6 Plez Phez - White Top, Brown Bottom, Polish Finish;Almond Surfboard en stock para envío en 24-48 horas.;1.531,00;Almond;https://www.singlequiver.com/35255-large_default/almond-6-6-plez-phez-white-top-brown-bottom-polish-finish.jpg;Mid Length;
tablasdesurf;Lightning Bolt Gerry's Pipeliner Red/Red/Yellow;Consulta con nosotros para tablas de surf de Lightning Bolt Surfboards en stock para envío en 24-48 horas.;4.600,00;Lightning Bolt;https://www.singlequiver.com/32525-large_default/lightning-bolt-gerry-s-pipeliner-red-red-yellow.jpg;Single Fin;
tablasdesurf;Lightning Bolt Gerry's Pipeliner Yellow / Red / Red;Consulta con nosotros para tablas de surf de Lightning Bolt Surfboards en stock para envío en 24-48 horas.;4.600,00;Lightning Bolt;https://www.singlequiver.com/32519-large_default/lightning-bolt-gerry-s-pipeliner-yellow-red-red.jpg;Single Fin;
tablasdesurf;Lightning Bolt Gerry's Pipeliner Green/Green/White;Consulta con nosotros para tablas de surf de Lightning Bolt Surfboards en stock para envío en 24-48 horas.;4.600,00;Lightning Bolt;https://www.singlequiver.com/32515-large_default/lightning-bolt-gerry-s-pipeliner-green-green-white.jpg;Single Fin;
tablasdesurf;CI Mid 6.6'' FCS2;La tabla de surf Al Merrick CI Mid Resina Tintada Naranja 6’6 x 20 1/2 x 2 9/16 x 37.8L FCS 2+1 in stock  en stock;930,00;Channel Islands;https://www.singlequiver.com/37237-large_default/ci-mid-66-fcs2.jpg;Single Fin;
tablasdesurf;Lightning Bolt Mini Gun Blueblue/White;Consulta con nosotros para tablas de surf de Lightning Bolt Surfboards en stock para envío en 24-48 horas.;1.095,00;Lightning Bolt;https://www.singlequiver.com/32484-large_default/lightning-bolt-mini-gun-blueblue-white.jpg;Single Fin;
tablasdesurf;Lightning Bolt Ecologic Stinger Grey/Grey/White;Consulta con nosotros para tablas de surf de Lightning Bolt Surfboards en stock para envío en 24-48 horas.;1.410,00;Lightning Bolt;https://www.singlequiver.com/32469-large_default/lightning-bolt-ecologic-stinger-grey-grey-white.jpg;Single Fin;
tablasdesurf;Lightning Bolt Pin Master Blue/Grey/White;Consulta con nosotros para tablas de surf de Lightning Bolt Surfboards en stock para envío en 24-48 horas.;990,00;Lightning Bolt;https://www.singlequiver.com/32403-large_default/lightning-bolt-pin-master-blue-grey-white.jpg;Single Fin;
tablasdesurf;Al Merrick CI Mid 7.0'' Futures 2+1;La tabla de surf Al Merrick CI Mid Resin Tint Grey  7.0 FUTURES 2+1 en stock para envío inmediato;930,00;Al Merrick;https://www.singlequiver.com/37915-large_default/al-merrick-ci-mid-stock-70-gris.jpg;Single Fin;
tablasdesurf;Al Merrick G Skate;La nueva tabla de Channel Islands se llama Al Merrick G-Skate. Una tabla qué está diseñado para inspirarte con la energía característica de los hermanos Gudauskas. La nueva tabla de surf con la que también verás a Mike February.;795,00;Al Merrick;https://www.singlequiver.com/38348-large_default/al-merrick-g-skate.jpg;Mini Malibu;
tablasdesurf;CI BIG HAPPY;La CI Big Happy es ideal para surfistas mayores o más grandes que no renuncian al rendimiento. Diseñada para combinar facilidad de remada y maniobrabilidad, esta tabla cuenta con un rocker de entrada bajo, espesor generoso en la parte delantera, cantos afinados y un suave concavo único. Ideal para quienes buscan mantener agilidad y diversión en las olas. Descubre sus dimensiones detalladas y encuentra tu ajuste perfecto para surfear mejor y ser feliz en el agua.;815,00;Channel Islands;https://www.singlequiver.com/39557-large_default/ci-big-happy-al-merrik.jpg;Mini Malibu;
tablasdesurf;Al Merrick CI Mid;La  Al Merrick CI Mid es una tabla súper versátil que va muy bien en las olas verticales y rápidas. Estamos ante un diseño clásico moderno Mid Length resultado de una divertida colaboración con Devon Howard, un surfista del sur de California, que ha pasado las dos últimas décadas surfeando y refinando modelos de tabla de surf inspirados en los egg clásicos.;835,00;Al Merrick;https://www.singlequiver.com/27573-large_default/al-merrick-ci-mid.jpg;Mini Malibu;
tablasdesurf;INDIO MID LENGTH Pink;La INDIO Midlenght es la nueva tabla mid de la marca Indio Surfboards. Una máquina de coger olas para los surfistas que buscan estabilidad y remada. Quillas incluidas.;485,00;Indio;https://www.singlequiver.com/39728-large_default/indio-midlenght-light-pink.jpg;Mini Malibu;
tablasdesurf;INDIO MID LENGTH Mint;La INDIO Midlenght es la nueva tabla mid de la marca Indio Surfboards. Una máquina de coger olas para los surfistas que buscan estabilidad y remada. Quillas incluidas.;485,00;Indio;https://www.singlequiver.com/39726-large_default/indio-midlenght-light-blue.jpg;Mini Malibu;
tablasdesurf;CI Mid 6.6'' FCS2;La tabla de surf Al Merrick CI Mid Resina Tintada Naranja 6’6 x 20 1/2 x 2 9/16 x 37.8L FCS 2+1 in stock  en stock;930,00;Channel Islands;https://www.singlequiver.com/37237-large_default/ci-mid-66-fcs2.jpg;Mini Malibu;
tablasdesurf;Al Merrick CI Mid 7.10'' FUTURES;La tabla de surf Al Merrick CI Mid RESINA TINTADA 7.10  FUTURES  2+1 en stock para envío inmediato.;946,00;Al Merrick;https://www.singlequiver.com/37923-large_default/ci-mid-channel-islands-futures.jpg;Mini Malibu;
tablasdesurf;One Bad Egg MARK PHIPPS;La One Bad Egg de Mark Phipps  es una tabla versátil y potente para surfistas intermedios y avanzados. Su diseño Egg con rails bajos y concave en V ofrece velocidad, estabilidad y una excelente remada. Ideal para olas de altura media a grande, esta tabla proporciona equilibrio y maniobrabilidad en diversas condiciones. Perfecta para quienes buscan rendimiento y confort en cada sesión.;795,00;Mark Phipps;https://www.singlequiver.com/40043-large_default/one-bad-egg-mark-phipps.jpg;Mini Malibu;
tablasdesurf;Pukas All Round Longboard;El Pukas All-Round Longboard es la tabla ideal para cualquier condición de olas, combinando maniobrabilidad y suavidad. Diseñada con un rocker versátil para maniobras verticales y un contorno inferior que asegura velocidad e hidrodinámica, permite un deslizamiento cómodo y fluido. ¡Perfecta para surfistas que buscan aventura en cada ola!;995,00;Puskas;https://www.singlequiver.com/40522-large_default/pukas-all-round-longboard.jpg;Long Boards;
tablasdesurf;INDIO MID LENGTH Pink;La INDIO Midlenght es la nueva tabla mid de la marca Indio Surfboards. Una máquina de coger olas para los surfistas que buscan estabilidad y remada. Quillas incluidas.;485,00;Indio;https://www.singlequiver.com/39728-large_default/indio-midlenght-light-pink.jpg;Long Boards;
tablasdesurf;JJF Pyzel Surf The Log;La JJF Pyzel Surf The Log es una tabla diseñada por Jon Pyzel y John John Florence para ofrecer diversión en cualquier día de surf, ideal tanto para principiantes como para surfistas avanzados. Con construcción Eco EPS, quillas Futures™ genuinas y una capa superior de EVA, ofrece durabilidad y rendimiento. Su configuración de quillas Thruster proporciona mayor control y maniobrabilidad. Disponible en varias dimensiones para adaptarse a diferentes estilos de surf.;729,00;Pyzel;https://www.singlequiver.com/39843-large_default/jjf-pyzel-surf-the-log.jpg;Long Boards;
tablasdesurf;INDIO MID LENGTH Mint;La INDIO Midlenght es la nueva tabla mid de la marca Indio Surfboards. Una máquina de coger olas para los surfistas que buscan estabilidad y remada. Quillas incluidas.;485,00;Indio;https://www.singlequiver.com/39726-large_default/indio-midlenght-light-blue.jpg;Long Boards;
tablasdesurf;Keel Fish;"Esta tabla fish se caracteriza por ser corta, ancha, gruesa y tener un deck plano para ofrecer el máximo volumen con unos cantos afilados que cortan el agua como cuchillas. Su rocker en la punta es suave y progresivo igual que en la cola. Esto te ayuda a ganar velocidad y pasar secciones sin problema en olas pequeñas y con poca fuerza. El bottom se caracteriza por tener un cóncavo simple que termina en doble entre las quillas.
Es una tabla muy divertida que funciona de maravilla en olas en todo tipo de condiciones. Con ella ganarás remada, tiempo para ponerte de pie, surfear el pocket de la ola y conseguir meterte en tubos con anticipación.
Con la Keel Fish tienes la sonrisa asegurada después de cada baño y la sensación de surfear al máximo todas las olas del día. Una joya recomendada para el quiver de todo surfista.";489,95;Honey;https://www.honeysurfboards.com/images/virtuemart/product/honey-surf-keel-fish.jpg;Fish;
tablasdesurf;Psycho Fish;Pregunta por las medidas recomendadas para la fabricación a nuestros expertos. En internet encontrarás vídeosde Alex Piñeiro surfeando con su Psycho Fish al atardecer en el norte de Portugal. Y otro buen vídeo con Ansesurf estrenando su Psycho Fish por la costa de Galicia.;489,95;Honey;https://www.honeysurfboards.com/images/virtuemart/product/psycho-fish.jpg;Fish;
tablasdesurf;Retro Fish;La Retro Fish de Honey es la mejor opción para los amantes del surf clásico que no quieren renunciar al surf moderno. Su diseño ofrece mucha estabilidad y una gran remada para facilitar la entrada en la ola y ganar medio segundo a la hora de ponerse de pie dándote una buena ventaja para realizar la primera maniobra o buscar la posición para el tubo. Tiene un cóncavo simple en el bottom para asegurar una mayor velocidad al surfear y una cola fish swallow ancha que te permitirá controlar bien los giros y maniobras.;489,95;Honey;https://www.honeysurfboards.com/images/virtuemart/product/retro-fins-blue-rails.jpg;Fish;
tablasdesurf;Twin Fin;"La Twin Fin está inspirada en las tablas de dos quillas de finales de los años 70 con las que Mark Richads ganó sus títulos mundiales pero con mejoras para poder realizar surf moderno con buenos giros y maniobras. Es una tabla de surf rápida y muy equilibrada con el punto más ancho en su centro y el volumen repartido casi de la misma manera desde la un cuarto de la punta hasta un cuarto de la cola. Te soprenderá lo rápido que te pones de pie incluso los días de olas pequeñas y con poca fuerza.
Está diseñada para olas pequeñas y medianas hasta la altura de la cabeza y un poco más, pero también aguanta más tamaño sobre todo cuando hablamos de olas de calidad.
Medidas Standard recomendadas para la fabricación";489,95;Honey;https://www.honeysurfboards.com/images/virtuemart/product/twin-fin-honey9.jpg;Fish;
tablasdesurf;Wing Fish;La Wing Fish es una tabla de surf que combina perfectamente la tradición de las tablas fish californianas con elementos modernos para facilitar el deslizamiento sobre el agua sin esfuerzo. Su contorno te permitirá mantener el agarre y control sobre la ola pero ayudándote en cambios de dirección y giros más radicales que con un fish tradicional. Si buscas una tabla fish que mantenga el estilo retro pero con mayor capacidad de giro la Wing Fish una de las mejores opciones. La puedes configurar en sistema Twin para ir suelto o usar con cuatro quillas en configuración Quad con más agarre en olas huecas y rápidas. Una auténtica fish vintage pero con un motor y una transmisión nueva y moderna para combinar lo mejor de las tradiciones surferas.;489,95;Honey;https://www.honeysurfboards.com/images/virtuemart/product/wing-fish-honey-surf.jpg;Fish;
tablasdesurf;Big Fish;"Una versión más grande del clásico Fish para poder realizar un surf down the line a gran velocidad en todo tipo de condiciones. Excelente opción para surfear desde olas por la rodilla hasta olas grandes ya que aguanta mucho tamaño siendo probablemente el diseño más versátil de todas las tablas de surf.
Diseñada para realizar buenos giros rail to rail y carving manteniendo una gran velocidad y un excelente agarre gracias a sus cantos. Tiempo de preparación y entrega: 4/6 semanas. Fabricada en Europa.";489,95;Honey;https://www.honeysurfboards.com/images/virtuemart/product/honey-big-fish.jpg;Fish;
tablasdesurf;Bumble Bee;"La Bumble Bee es una tabla de surf diseñada para disfrutar en el agua los días de olas desde un cuarto de metro hasta la altura de la cabeza. Con ella podrás surfear olas pequeñas y realizar buenos giros a lo largo de las secciones de la ola. Su doble cóncavo en V le aporta una velocidad extra a la tabla y su cola swallow, en forma de golondrina, te ayudará a mejorar el control. Su rocker plano y su volumen extra le dan una gran capacidad de remada y estabilidad fundamental en las sesiones de verano.
Compatible con todos los niveles de surf desde iniciación hasta avanzado. Monta sistema de tres quillas de serie pero se puede fabricar con sistema five fins opcional. Se recomienda 1-2 pulgadas de tamaño inferior a tu tabla habitual.";489,95;Honey;https://www.honeysurfboards.com/images/virtuemart/product/bumblee-bee-blue.jpg;Fish;
tablasdesurf;The Fishcuit;Inspirada en la mítica Fishcuit diseñada por Rob Machado a finales del 2007 pero con menos litros. Esta tabla te ofrece mucha diversión y maniobrabilidad los días de olas con poca fuerza y bajo swell. Deck plano y low rocker para facilitar la remada y aumentar la superficie en contacto con la lámina de agua. Muy rápida, suelta y con muchas capacidad de giro. Se recomienda surfear esta tabla 4-5 pulgadas más corta que tu tabla habitual. Diseñada para usar un sistema Quad (4 quillas) para mejorar el agarre.;489,95;Honey;https://www.honeysurfboards.com/images/virtuemart/product/fishcuit-honey-orange.jpg;Fish;
tablasdesurf;Mid Length;La Honey Mid Length es un diseño moderno del egg clásico inspirado en décadas de surf. Su outline es similar al de un 'Egg' clásico pero su cola es round pintail y su punta también es más afilada y no tan redondeada. Esto te permitirá afrontar con más seguridad olas verticales y huecas pero manteniendo todas la ventajas del mid length. Low rocker y centro de gravedad adelantado para mejorar la remada y facilitar el take off. Perfecto para todo tipo de olas y condiciones ya que es muy polivalente y sirve para surfear olas pequeñas pero también para sesiones de surf con olas de varios metros. Un todo terreno que vuela sobre las olas permitiendo realizar carving y giros manteniendo el flow con total confianza, velocidad y control. Lo puedes surfear en single en sesiones clásicas down the line o montar 2+1 para realizar giros y disfrutar de un mejor control.;489,95;Honey;https://www.honeysurfboards.com/images/virtuemart/product/honey-midlength-surfboard.jpg;Fun Boards;
tablasdesurf;Retro Egg;"Esta tabla de surf clásica te ofrece mucha estabilidad y capacidad de remada para mejorar tu técnica y ponerte de pie de manera rápida y segura sobre las olas. Como todos los eggs se caracteriza por tener mucho volumen en la cola y en la punta para equilibrar la tabla y conseguir una buena estabilidad. Su doble cóncavo en V en el bottom te ayudará a conseguir una velocidad extra al surfear y su cola round te permitirá realizar buenos giros incluso en olas de poca fuerza. Gracias a su volumen extra podrás aprender sin esfuerzo y coger muchas olas en todas las sesiones.
Una opción perfecta para surfistas que están empezando y necesitan una tabla para aprender disfrutando en el agua y pillando muchas olas. También es compatible con surfistas de nivel medio y avanzado que busquen una tabla para su quiver que les permita disfrutar en el agua los días de poco swell y olas con poca fuerza.";489,95;Honey;https://www.honeysurfboards.com/images/virtuemart/product/lazy-egg-blue-rails.jpg;Fun Boards;
tablasdesurf;Round Pin;"La Round Pin te ofrece una auténtica sensación de surfear con una shortboard pero con un outline de longboard comprimido, una verdadera midlenght con deslizamiento retro y maniobrabilidad de tabla corta. Tiene una excelente capacidad de giro gracias a su cola round pin que te permitirá surfear como con una shortboard en el pocket de la ola.

Su shape refinado y la gran superficie de contacto con la lámina de agua para poder recortar sin esfuerzo sobre las secciones de la ola sin fuerza y llegar siempre hasta la orilla. Sus cantos modernos reducen el volumen total, añadiendo rendimiento, mejorando los cambios de dirección rápidos sin perder velocidad.

Aumenta tu número de olas en cada sesión con la potencia de remo de la Round Pin mientras te abres paso a través de las multitudes. Una maravilla de tabla para salir siempre contento del agua y recomendada para todos los niveles de surf desde principiante hasta experto. Recomendada para olas desde la altura de la rodilla hasta metro y medio.
Inspirada en la Greedy Beaver de la mítica marca Firewire Surfboards. Tiempo de preparación y entrega: 4/6 semanas. Fabricada en Europa.";489,95;Honey;https://www.honeysurfboards.com/images/virtuemart/product/honey_round_pin_red.jpg;Fun Boards;
tablasdesurf;Astro Twin;"La Astro Twin es un diseño moderno del mid length clásico con quillas Twin. Su outline es similar al de un mid legnth con cola Round Pin pero con el añadido de un wing para reducir su superficie y mejorar su capacidad de giro.
Low rocker suave en toda la tabla y un centro de gravedad adelantado para mejorar la remada y asegurarte más olas en cada baño. El bottom empieza en flat avanzando en V por toda la parte central del para terminar en doble cóncaco con un Vee en la zona de las quillas. Cantos 60/40 en toda la tabla para tener una buena mezcla de maniobrabilidad y estabilidad que que se convierten en 80/20 en la zona de las quillas.
Es una tabla de surf perfecta para todo tipo de olas y condiciones ya que es muy polivalente y sirve para surfear olas pequeñas pero también para sesiones de surf con olas de varios metros. Un todo terreno que vuela sobre las olas permitiendo realizar carving y giros manteniendo el flow con total confianza, velocidad y control. Tiempo de preparación y entrega: 3/4 semanas. Fabricada en Europa conm materiales de la mejor calidad.
Medidas recomendadas para la fabricación:
Alex Piñeiro surfeando en Galicia y Euskadi con su 6'10'' con canales para conseguir la mayor velocidad y buscar buenos tubos.";489,95;Honey;https://www.honeysurfboards.com/images/virtuemart/product/honey-surf-astro-twin-green.jpg;Fun Boards;
tablasdesurf;Dragonfly;Es una tabla de surf muy rápida con la que podrás surfear todo tipo de olas sin problema. Su cola pintail te permitirá realizar bottom turns y cutbacks con gran facilidad sin perder flow y manteniendo la sensación de control a lo largo de la ola. Su shape clásico inspirado en la mítica Scorpion de Takayama la convierte en uno de los modelos más vendidos de Honey Surfboards.;489,95;Honey;https://www.honeysurfboards.com/images/virtuemart/product/honey-dragonfly-orange.jpg;Fun Boards;
tablasdesurf;Hellcat;"La Honey Hellcat está inspirada en una tabla de surf con diseño moderno pero con muchos litros repartidos de manera equilibrada. Es una máquina de pillar olas gracias a su volumen extra y su centro de gravedad un poco adelantado que facilitan la remada. Es una tabla de surf muy ancha en el centro para asegurarte la estabilidad necesaria para ponerte de pie de manera fácil.
Se fabrica en un rango muy amplio de medidas para que puedes surfear con ella como tabla funboard o mid length. Es una tabla rápida y muy divertida que permite carvear con facilidad y pasar secciones en olas con bastante agua. Una buena tabla para llevar de viaje o para tener un quiver en una sola tabla.";489,95;Honey;https://www.honeysurfboards.com/images/virtuemart/product/honey-surf-hellcat.jpg;Fun Boards;
tablasdesurf;Jay Nemo;"La Jay Nemo tiene muy buena remada y te ayudará a pillar muchas olas con poco esfuerzo gracias a su centro de gravedad desplazado hacia la punta. Su superficie extra debajo del pecho te ofrece una gran estabilidad a la hora de ponerte de pie y su cóncavo en doble V le aporta velocidad para pasar secciones en olas rápidas.
Es una tabla divertida que combina perfectamente volumen y superficie en contacto con el agua para asegurarte grandes prestaciones. Su principal diferencia con otras tablas tipo minimalibú es su cola moderna y fina que te permitirá realizar giros y recortes muy cerrados como si fueses en una shortboard.
Su shape clásico inspirado en la mítica Wombat de Bear la convierte en una de nuestras funboards más vendidas.";489,95;Honey;https://www.honeysurfboards.com/images/virtuemart/product/jay-nemo-honey-surfboards-green.jpg;Fun Boards;
tablasdesurf;Mega Fun;"La Honey Mega Fun es un funboard avanzado con una punta más estrecha y con un buen rocker que te permitirá realizar el pato con rapidez y seguridad. Se surfea con mucha facilidad y tiene la maniobrabilidad de una tabla corta pero con la potencia de remada de una tabla larga.
Tiene un cóncavo simple muy profundo en su bottom que te ayudará en los giros de canto a canto. Este cóncavo simple profundo termina con un vee entre las quillas que aumenta el flujo de agua y te permite mantener una gran velocidad sobre las olas. A mayor velocidad, mayor facilidad para realizar buenas maniobras y giros.
Inspirada en la mítica Funboard 949 Comp de Bill Stewart, uno de los mejores shapers de la historia del surf y padre del longboard moderno. Con este funboard tu surf dará un salto a mejor y será una compañera inseparable en todo tipo de olas y viajes. Plazo de fabricación y entrega: 3/4 semanas. Fabricada en Europa.";489,95;Honey;https://www.honeysurfboards.com/images/virtuemart/product/mega-funboard-honey.jpg;Fun Boards;
tablasdesurf;Minimalibu;"Las tablas de surf minimalibú son un modelo perfecto para olas de todos los tamaños y para todos los niveles de surf. Su forma es muy similar a la de un longboard pero más pequeña. Gracias a su volumen extra es una tabla ideal para los surfistas que están empezando y buscan su primera tabla de poliester. Hemos visto como alumnos de escuelas de surf que ya estaban cansados de surfear con tablas de espuma salían con una sonrisa enorme después de pasar un par de horas en el agua con una de estas tablas.
Si estás aprendiendo a hacer surf deberías considerar seriamente usar este tipo de tabla. Según tu peso y estatura necesitarás una medida o otra pero lo mejor es que contactes con nosotros y te aconsejaremos que medida necesitas.";489,95;Honey;https://www.honeysurfboards.com/images/virtuemart/product/minimalibu-honey-lilac.jpg;Fun Boards;
tablasdesurf;Monster Twin;"La Monster Twin está inspirada en las mid lengths que se utilizaban para surfear en la Gold Coast de Australia hace décadas, pero con toques modernos en su outline, con una configuración de quillas twin y con una cola redonda estirada para mejorar el agarre en todo tipo de olas. Con esta tabla de surf notarás la velocidad debajo de tus pies y pasarás las secciones más complicadas sin problema.
Su rocker plano genera y mantiene el impulso incluso en los días con olas con muy poca fuerza, mientras que su 'Vee' en toda la tabla, desde la punta hasta la cola, con un doble cóncavo añadido a través de las quillas, ayuda a equilibrarse en las transiciones de canto a canto y a mantener su maniobrabilidad.";489,95;Honey;https://www.honeysurfboards.com/images/virtuemart/product/honey-monster-twin.jpg;Fun Boards;
tablasdesurf;The Sting;"La tabla de surf Retro The Sting es una excelente opción para los amantes del surf más clásico y las líneas más puras que te permitirá montar un single fin con la posibilidad de añadir estabilizadores para olas más huecas. Tiene un rocker muy suave para aumentar la superficie de contacto de la tabla con el agua y mejorar su velocidad y rendimiento.
Esta tabla es compatible con todos los niveles de surf desde principiante hasta avanzado ya que se adapta perfectamente a las necesidades de cada surfista. Su cola Pin tail permite un mayor agarre en los giros y mejora el desplazamiento del agua en el bottom de la tabla. El centro de gravedad está desplazado hacia la punta para mejorar la remada y facilitar la entrada a la ola ofreciendo una gran estabilidad.";489,95;Honey;https://www.honeysurfboards.com/images/virtuemart/product/sting-honey-surfboards-orange.jpg;Fun Boards;
tablasdesurf;The Biscuit;"Diseñada con la plantilla clásica de Biscuit que funciona increible los días de swell bajo y olas con poca fuerza gracias a su gran volumen. Te permitirá disfrutar en el agua los días de olas pequeñas realizando buenas maniobras y cogiendo muchas olas. No tengas miedo al volumen extra, te ayudará a sentirte libre y feliz!
La tabla Biscuit se caracteriza por tener un rocker suave y su centro de gravedad desplazado hacia la punta para facilitar mucho la remada y aumentar el número de olas surfeadas en cada sesión ya que pillarás más olas con menos esfuerzo. También notarás que es una tabla muy rápida gracias a la gran superficie de contacto de la tabla con el auga. La cola tiene un rocker suave terminado en cóncavo en V para ayudarte a realizar giros amplios.
Aunque es una tabla pensada para olas pequeñas hasta metro y medio la hemos probado en olas con fondo de roca y más de dos metros y aguanta muy bien el tamaño. La Biscuit es una opción muy recomendable si sólamente tienes una tabla y necesitas que vaya bien en todo tipo de condiciones y tamaños. Definitivamente es una tabla de surf indispensable en el quiver de todo surfista.
Su shape clásico inspirado en la mítica Biscuit de Channel Islands la convierte en uno de las tablas de surf más vendidas de Honey Surfboards.";489,95;Honey;https://www.honeysurfboards.com/images/virtuemart/product/biscuit-yellow-orange7.jpg;Short Boards;
tablasdesurf;X-Kryptonite;"La X-Kriptonite es un tipo de material creado por accidente por Supergirl en un fallido intento de crear un antídoto para la kriptonita verde que dañaba a Superman. Este nuevo mineral tiene la característica de otorgar poderes superhumanos a cualquier ser vivo. Esta tabla de surf tiene un efecto parecido en cualquier surfista que la pruebe y le ayudará a surfear a un nivel superior al habitual.
Se caracteriza por tener un gran volumen en la zona del pecho lo que facilita la remada como nunca te lo has imaginado. Diseñada para surfear en olas con pared y poder carvear con fluidez. Su full outline te aportará gran rapidez y velocidad y su cola round tail permite giros cerrados en el pocket de la ola. Otra característica importante es su gran volumen en el foil en la zona centro de la tabla hasta un ajustado rail que permiten a la tabla agarrarse a la pared de la ola.
Este modelo tiene las ventajas de las tablas modernas y tablas retro y es compatible con todo tipo de nivel de surfista. Es una opción excelente para llevar de viaje o usar como tabla para todos los días ya que funciona con todo tipo de olas y tamaños, desde medio metro playero hasta olas de tres metros sin perder agarre en la pared de las olas y rápida para pasar las secciones.";489,95;Honey;https://www.honeysurfboards.com/images/virtuemart/product/honey-kryptonite-blue.jpg;Short Boards;
tablasdesurf;Apple Pie;"Una de las mejores tablas de surf para el verano y días de olas pequeñas y con poca fuerza, aunque también funciona bien con olas de hasta un metro. Se recomienda siempre utilizar una medida de 3 ó 4 pulgadas más pequeña de la habitual ya que esta tabla de surf tiene mucho volumen. Si tu tabla normal es una 6'0 puedes encargar una 5'4'' o 5'6'' sin problema.
Tiene un rocker muy plano en la punta y su centro de gravedad está desplazado hacia el nose para mejorar la potencia de la remada y aumentar la velocidad y de esta manera poder pillar la ola más rápido gracias a la gran superficie de contacto con la ola. Rocker suave en la cola con doble cóncavo en V para un mejor control de las maniobras.";489,95;Honey;https://www.honeysurfboards.com/images/virtuemart/product/apple-pie-carbon-tail.jpg;Short Boards;
tablasdesurf;Black Widow;"Excelente tabla de surf All Round gracias a su equilibrio de volumen desde la cola hasta la punta que te ayudará a aumentar la velocidad, remada y usabilidad en todo tipo de olas y condiciones. Es una auténtica pasada para surfistas de nivel medio que buscan una tabla de surf para uso diario ya que es compatible con olas pequeñas y sin demasiada fuerza hasta sesiones de surf 'overhead' con olas potentes.
También se recomienda para surfistas con nivel avanzado que quieren una tabla polivalente para verano con la que puedan surfear días de bajo swell.";489,95;Honey;https://www.honeysurfboards.com/images/virtuemart/product/honey-black-widow.jpg;Short Boards;
tablasdesurf;Psycho Jumper;"La Psycho Jumper está diseñada para surfear con mucha velocidad y saltar sobre las olas con mucha facilidad. Su diseño está inspirado en la famosa Puddle Jumper de Lost Enterprises. Esta tabla de surf te permitirá surfear olas pequeñas y medianas sin perder confianza en las transiciones de canto a canto. Tiene bastante volumen para asegurar una remada potente y surfear al máximo cada baño.

Su amplio outline facilita la remada y te asegura pillar muchas olas en cada baño. También mejora el deslizamiento en la línea de la ola y la estabilidad para un mejor control de la tabla. Una de las mejores tablas para surfear olas con poca fuerza y salir contento del agua.";489,95;Honey;https://www.honeysurfboards.com/images/virtuemart/product/psycho-jumper.jpg;Short Boards;
tablasdesurf;Rocket;"Una de las mejores opciones para los que buscan una tabla de surf All Round. Se caracteriza por su cola redondeada con wings que te permitirá realizar muy buenos giros y maniobras.
Su volumen central desplazado varias pulgadas hacia la punta te facilitará la remada y coger un mayor número de olas en cada sesión. También lleva un poco de volumen extra en la punta y en la cola para mejorar sus prestaciones. En su bottom lleva un buen doble cóncavo en V para incrementar el flujo del agua y ganar más velocidad para poder pasar secciones.
Buena opción para surfistas que necesiten una tabla con un poco más de volumen sin renunciar a una shortboard moderna. Se recomienda para olas de medio metro hasta los dos metros y para todo tipo de surfista.";489,95;Honey;https://www.honeysurfboards.com/images/virtuemart/product/rocket-honey-surf-blue.fw.png;Short Boards;
tablasdesurf;Sugarbag;"La Sugarbag es una excelente tabla de surf para surfistas que quieren disfrutar de las olas los días que necesitan algo de ayuda en la remada. Está inspirada en la mítica tabla de surf Dumpster Diver de Channel Islands para surf high performance y de competición en olas medianas y pequeñas.
Recomendada para uso diario y todo tipo de olas ya que su volumen extra en la cola y punta le aporta una gran capacidad de remada, velocidad y estabilidad. Funciona muy bien en olas de playas gracias a su gran maniobrabilidad.";489,95;Honey;https://www.honeysurfboards.com/images/virtuemart/product/honey-sugar-bag-azul.jpg;Short Boards;
tablasdesurf;The Digger;"The Digger es la tabla perfecta para las sesiones de surf más potentes y exigentes en las que el objetivo principal es meterse dentro del tubo y conseguir salir. Su outline te permitirá pasar las secciones críticas y gracias a su cola squash ganarás velocidad que te ayudará a realizar maniobras potentes y radicales. Excelente tabla para carving gracias a su rocker, outline y cantos.
Su rocker medio en la punta está pensado para superar los take off más críticos y luego se rebaja para permitir una buena remada y entrada en la ola. Tiene un doble cóncavo en V en el bottom para mejorar el flujo de agua en la zona de las quillas aumentando la velocidad de la tabla. Ideal para competición y surf potente en olas de 3/4 hasta los dos metros.";489,95;Honey;https://www.honeysurfboards.com/images/virtuemart/product/digger-honey-orange.fw.png;Short Boards;
tablasdesurf;The Wasp;"Diseñada para un surf moderno high performance y para la competición. Responde muy bien en condiciones exigentes y olas potentes y permite un mayor control de las maniobras en las olas con tamaño y fuerza. Tiene un rocker pronunciado para asegurar los take offs arriesgados en olas huecas y permitir los giros muy cerrados con fuerza. Lleva una cola thumbnail para aguantar olas huecas y facilitar los giros y snaps.
La mayor diferencia que ofrece este modelo, es su anchura en la zona central de la tabla y su volumen desplazado hacia la punta, que la convierten en una máquina de pillar olas, pero permitiendo buenos giros cerrados gracias a sus finos cantos. Te ayudará a conseguir una mayor velocidad para poder realizar aéreos y maniobras radicales. Se recomienda usar una medida igual a tu estatura o incluso 2 pulgadas superior.";489,95;Honey;https://www.honeysurfboards.com/images/virtuemart/product/wasp-honey-red.jpg;Short Boards;
tablasdesurf;Wave Killer;"La Honey Wave Killer te ofrece la posibilidad surfear con una tabla más corta y maniobrable en olas más grandes. Hemos añadido una punta más ancha y más volumen hacia adelante para compensar su menor tamaño que otras tablas semigun.
Te recomendamos surfear de 1 a 3 pies más corta que tu tabla habitual de olas grandes, ya que vas a contar con un 1/2'' más de ancho y 1/2'' de grosor. Con su combinación de una punta más llena, su mayor volumen, y un rocker de entrada suave, esta tabla de surf te ayudará a conseguir tu objetivo en casi cualquier ola que el océano tenga para ofrecerte.
Al ser más corta, la Wave Killer permite maniobrar mejor, a diferencia de las grandes semiguns más clásicas, que sólo permitían a los surfistas hacer un drop y correr la ola. También recomendamos surfearla con una configuración de cuatro quillas para conseguir la tabla más rápida posible. Esto te ayudará a salir del tubo, también a pasar las secciones largas, y maniobrar la tabla con más facilidad cuando lo necesites.";549,95;Honey;https://www.honeysurfboards.com/images/virtuemart/product/wave-killer-honey-surfboards.jpg;Short Boards;
tablasdesurf;Double Boiler;"The Double Boiler es la tabla perfecta ""All Round"" para entrar en el agua con todo tipo de condiciones y olas. Es una tabla indispensable en cualquier quiver y la compañera ideal para llevar de viaje cuando no sabes lo que te puedes encontrar.
Te permitirá surfear desde medio metro hasta sesiones de olas que te sobrepasen la cabeza sin problemas. Tiene más volumen que una tabla de surf convencional y un rocker más plano que te ofrece una mejor remada y estabilidad.
Medidas recomendadas para la fabricación:
Esta tabla es un modelo ""Legacy"" que lo podemos fabricar bajo pedido. Si estás interesado en tener una puedes contactar con nosotros.";489,95;Honey;https://www.honeysurfboards.com/images/virtuemart/product/double-boiler-honey-surf6.jpg;Short Boards;
tablasdesurf;Monster Twin;"La Monster Twin está inspirada en las mid lengths que se utilizaban para surfear en la Gold Coast de Australia hace décadas, pero con toques modernos en su outline, con una configuración de quillas twin y con una cola redonda estirada para mejorar el agarre en todo tipo de olas. Con esta tabla de surf notarás la velocidad debajo de tus pies y pasarás las secciones más complicadas sin problema.
Su rocker plano genera y mantiene el impulso incluso en los días con olas con muy poca fuerza, mientras que su 'Vee' en toda la tabla, desde la punta hasta la cola, con un doble cóncavo añadido a través de las quillas, ayuda a equilibrarse en las transiciones de canto a canto y a mantener su maniobrabilidad.";489,95;Honey;https://www.honeysurfboards.com/images/virtuemart/product/honey-monster-twin.jpg;Short Boards;
tablasdesurf;Performer;Esta es una de las mejores tablas de surf para surfistas de nivel medio y avanzado que buscan una tabla realizar surf ultra moderno y aéreos. Su bottom es sobre todo single cóncavo y se caracteriza por un flip agresivo terminado en un buen rocker. Tiene un full outline con bastante volumen para poder surfearla de la misma longitud que tu altura. No es una tabla para hacer sólamente aéreos, con ellas podrás hacer los giros más potentes que seas capaz.;489,95;Honey;https://www.honeysurfboards.com/images/virtuemart/product/performer-honey-surfboards.fw.png;Short Boards;
tablasdesurf;Sandman;Esta tabla de surf es la opción perfecta si estás buscando una tabla performance para nivel intermedio y avanzado para todo tipo de olas, playa, reef o point break. Se caracteriza por tener algo más de volumen que una tabla normal por lo que que facilita la remada y con ella aumentarás el número de olas que Gracias a su cóncavo y el vee trasero te facilita las transiciones de canto a canto, muy rápida down the line y fácil de aterrizar maniobras aéreas. Diseñada para olas desde un cuarto de metro hasta que te superen la altura de la cabeza. Cola squash con volumen que te hará sentir como si fuese en un skate.;489,95;Honey;https://www.honeysurfboards.com/images/virtuemart/product/sandman-honey.jpg;Short Boards;
skates;Carver Surf Skate C7 LOST Retro Tripper 32'';"El CARVER LOST RETRO TRIPPER 32"" C7 SURFSKATE es ideal para mejorar tu técnica de surf en el asfalto y tecnificar maniobras fuera del agua.";298,87;Carver;https://www.singlequiver.com/40414-large_default/carver-lost-retro-tripper-32-c7-surfskate.jpg;;
skates;Carver Surf Skate C7 JOB Pink Tiger 33.5'';"El Carver JOB Pink Tiger 33.5"" es el surfskate perfecto para aquellos que buscan mejorar su técnica de surf en el asfalto. Diseñado para tecnificar maniobras fuera del agua, este modelo ofrece un control excepcional en carving y transiciones. Su diseño vibrante refleja el estilo único de Jamie O'Brien, haciendo de este surfskate una elección destacada para los entusiastas del surf.";308,55;Carver;https://www.singlequiver.com/40408-large_default/carver-job-pink-tiger-33-5-eje-c7-surfskate.jpg;;
skates;Carver Surf Skate C7 Trippy Hippy 30.25'';"El surfskate 30.25"" Trippy Hippy de Carver Skateboards es la herramienta perfecta para mejorar tu técnica de surf sobre el asfalto. Ideal para practicar maniobras fuera del agua, este modelo ofrece una experiencia de deslizamiento suave y controlada.";298,87;Carver;https://www.singlequiver.com/40405-large_default/30-25-trippy-hippy-c7-complete.jpg;;
skates;Carver Surf Skate CX CI Twin Pin 31.75'';"El Surfskate Carver CI TWIN PIN 31.75"" CX es la herramienta perfecta para mejorar tu técnica de surf en el asfalto. Diseñado para tecnificar maniobras fuera del agua, este surfskate ofrece un manejo suave y dinámico en todo tipo de terrenos.";298,87;Carver;https://www.singlequiver.com/40427-large_default/surfskate-carver-ci-twin-pin-31-75-cx.jpg;;
skates;Carver CX 31.75'' CI Mid Orange Surfskate;"El Surfskate Carver CI MID ORANGE 31,75"" C7 de CARVER es la herramienta perfecta para mejorar tu técnica de surf en el asfalto. Diseñado para tecnificar maniobras fuera del agua, este surfskate ofrece una experiencia única que simula la sensación de surfear olas.";298,87;Carver;https://www.singlequiver.com/40430-large_default/surfskate-carver-ci-mid-orange-31-75-c7.jpg;;
skates;Carver Surf Skate C7 JOB Pink Tiger 33.5'';"El Carver JOB Pink Tiger 33.5"" es el surfskate perfecto para aquellos que buscan mejorar su técnica de surf en el asfalto. Diseñado para tecnificar maniobras fuera del agua, este modelo ofrece un control excepcional en carving y transiciones. Su diseño vibrante refleja el estilo único de Jamie O'Brien, haciendo de este surfskate una elección destacada para los entusiastas del surf.";308,55;Carver;https://www.singlequiver.com/40408-large_default/carver-job-pink-tiger-33-5-eje-c7-surfskate.jpg;;
skates;Carver C7 31.25'' Dine' Skate Garden Surfskate;El surfskate Carver C7 31.25'' Dine' Skate Garden de Carver es la herramienta perfecta para mejorar tu técnica de surf sobre el asfalto. Ideal para practicar y perfeccionar maniobras fuera del agua, este surfskate ofrece una experiencia única que simula la sensación de surfear olas.;308,55;Carver;https://www.singlequiver.com/40452-large_default/carver-c7-31-25-dine-skate-garden-surfskate-complete.jpg;;
skates;"SurfSkate Carver Triton 30"" Spectral CX Wide";"El Carver Triton 30"" Spectral CX Wide es el Surfskate está recomendado para niños , chicas o riders de bajo peso.";199,00;Carver;https://www.singlequiver.com/23211-large_default/skate-carver-triton-red-diamond.jpg;;
skates;"Skate Carver Black Beauty 31.75"" C7 Raw";Tabla algo más larga con distancia entre los ejes, pretende devolverte el poder y el control. ¡Si buscar pintar líneas sobre el asfalto la Black Beauty 31.75” es para ti!;349,00;Carver;https://www.singlequiver.com/24593-large_default/skate-carver-black-beauty-3175-c7-raw.jpg;;
skates;"SurfSkate Triton 29"" Astral CX Wide";El nuevo Triton Astral 29” con ejes CX es el surfskate que debes comprar cuando no puedes tener más que un skate de surf en tu quiver.;199,00;Carver;https://www.singlequiver.com/29935-large_default/skate-carver-triton-xenon-29-cx-raw.jpg;;
skates;Skate Carver Resin CX RAW;El skate Carver Resin de 31 pulgadas es un skate de lo más surfero. Configurado con el sistema de ejes CX y C7 que te llevará directo al mar.;315,00;Carver;https://www.singlequiver.com/29925-large_default/skate-carver-resin-cx-raw.jpg;;
skates;"Skate 32"" Impala C5 RAW";"El Skate Carver 32"" Impala está diseñado para progresar sin parar en el Surf. Es la combinación perfecta del Surf y el Skate.";251,00;Carver;https://www.singlequiver.com/23703-large_default/skate-32-impala-c5-raw.jpg;;
skates;Miller Surfskate ARCADIA 30'';Miller Surfskate ARCADIA 30''' de Miller Division es un surfskate barato y con una calidad excepcional. Su eje delantero XRKP2, aporta un amplio radio de giro y es capaz de simular de una forma muy real los movimientos que hacemos sobre la tabla de surf.;149,00;Miller;https://www.singlequiver.com/34725-large_default/miller-surfskate-arcadia-30-.jpg;;
skates;Miller Surfskate PARADISE 30'';Miller Surfskate PARADISE 30'' es un surfskate barato y con una calidad excepcional. Su eje delantero XRKP2, aporta un amplio radio de giro y es capaz de simular de una forma muy real los movimientos que hacemos sobre la tabla de surf.;149,00;Miller;https://www.singlequiver.com/34731-large_default/miller-surfskate-paradise-30-.jpg;;
skates;"Miller Surfskate  FRONTSIDE 31.5""";"Miller Surfskate  FRONTSIDE 31.5"" es un surfskate barato y con una calidad excepcional. Su eje delantero XRKP2, aporta un amplio radio de giro y es capaz de simular de una forma muy real los movimientos que hacemos sobre la tabla de surf.";149,00;Miller;https://www.singlequiver.com/34737-large_default/miller-surfskate-frontside-315.jpg;;
skates;"Miller Surfskate BIG WAVE 30,5"" X 9,6""";"Miller Surfskate BIG WAVE 30,5"" X 9,6"" es un surfskate barato y con una calidad excepcional. Su eje delantero XRKP2, aporta un amplio radio de giro y es capaz de simular de una forma muy real los movimientos que hacemos sobre la tabla de surf.";185,00;Miller;https://www.singlequiver.com/34749-large_default/miller-surfskate-big-wave-305-x-96.jpg;;
skates;"Miller Surfskate BACKSIDE 31.5""";"Miller Surfskate BACKSIDE 31.5"" es un surfskate barato y con una calidad excepcional. Su eje delantero XRKP2, aporta un amplio radio de giro y es capaz de simular de una forma muy real los movimientos que hacemos sobre la tabla de surf.";149,00;Miller;https://www.singlequiver.com/34743-large_default/miller-surfskate-backside-315.jpg;;
skates;"Miller Surfskate OCTOPUS 31"" X 9,7""";"Miller Surfskate OCTOPUS 31"" X 9,7"" es un surfskate barato y con una calidad excepcional. Su eje delantero XRKP2, aporta un amplio radio de giro y es capaz de simular de una forma muy real los movimientos que hacemos sobre la tabla de surf.";189,00;Miller;https://www.singlequiver.com/34755-large_default/miller-surfskate-octopus-31-x-97.jpg;;
skates;"Miller Surfskate STRIPES 31,5"" X 10""";"Miller Surfskate STRIPES 31,5"" X 10"" es un surfskate barato y con una calidad excepcional. Su eje delantero XRKP2, aporta un amplio radio de giro y es capaz de simular de una forma muy real los movimientos que hacemos sobre la tabla de surf.";151,20;Miller;https://www.singlequiver.com/34768-large_default/miller-surfskate-stripes-315-x-10.jpg;;
skates;"Miller Surfskate LETWORLD PRO 31"" X 9,8""";"Miller Surfskate LETWORLD PRO 31"" X 9,8"" es un surfskate barato y con una calidad excepcional. Su eje delantero XRKP2, aporta un amplio radio de giro y es capaz de simular de una forma muy real los movimientos que hacemos sobre la tabla de surf.";189,00;Miller;https://www.singlequiver.com/34762-large_default/miller-surfskate-letworld-pro-31-x-98.jpg;;
skates;"Miller Surfskate STOKED 31,5"" X 10""";"Miller Surfskate STOKED 31,5"" X 10""  es un surfskate barato y con una calidad excepcional. Su eje delantero XRKP2, aporta un amplio radio de giro y es capaz de simular de una forma muy real los movimientos que hacemos sobre la tabla de surf.";113,40;Miller;https://www.singlequiver.com/34774-large_default/miller-surfskate-stoked-315-x-10-.jpg;;
skates;"YOW C-Hawk 33"" Christenson x Surfskate";"El YOW X Christenson C-Hawk 33"" Surfskate combina la maestría de shaping de Chris Christenson con la innovación ofreciendo una experiencia cercana al surf de raíl a raíl. Destaca por su diseño ancho y estabilidad mejorada, con un punto más ancho ubicado 10 cm por debajo del eje delantero y extendido hacia la cola. Incorpora un cóncavo medio y un rocker en la cola para mantener los pies seguros, montado sobre el sistema YOW Meraki S5 y ruedas Ura 66x51mm 78A para un agarre excepcional. Perfecto para quienes buscan control en giros cerrados y una sensación auténtica de surf en asfalto.";329,88;Yow;https://www.singlequiver.com/39233-large_default/yow-c-hawk-33-christenson-x-surfskate.jpg;;
skates;YOW San Onofre 36” Classic Series Surf skate;"El YOW San Onofre 35.5"" Surfskate es la elección perfecta para surfistas y skaters que buscan la fluidez y control de una tabla de surf de longitud media en asfalto. Inspirado en la versatilidad de las tablas mid-length, este modelo ofrece una experiencia única gracias a su diseño amplio y su larga distancia entre ejes de 20.75"", ideal para variar posturas y estilos de patinaje. Equipado con el sistema Meraki (S5) y ruedas Ura 66x51mm 78A para un agarre superior en cualquier superficie. Este surfskate garantiza durabilidad y rendimiento excepcional. Experimenta el surf en asfalto con el estilo y calidad que solo YOW puede ofrecer.";329,88;Yow;https://www.singlequiver.com/39234-large_default/yow-san-onofre-36-classic-series-surfskate.jpg;;
skates;"YOW Skalle Mini 30.5"" Christenson x Cruiser";YOW Christenson Skalle Mini es la versión más pequeña del surfskate superventas de YOW Christenson Skalle, una colaboración con el prestigioso shaper Chris Christenson. El YOW Mini Skalle es un cruiser todoterreno, ideal para los desplazamientos cotidianos. Las nueva ruedas YOW Lurra la convierten en una tabla surfskate muy especial y extremadamente divertida, agradable para principiantes y muy apreciada por personas con experiencia en skate.;195,00;Yow;https://www.singlequiver.com/39228-large_default/yow-skalle-mini-305-christenson-x-cruiser.jpg;;
skates;"YOW  Shadow 33.5"" Pyzel x Surfskate";La mejor fusión de YOW y Pyzel en un surfskate. El Yow Surfskate Pyzel Shadow es uno de nuestros skates de surf favoritos.;329,90;Yow;https://www.singlequiver.com/38132-large_default/yow-shadow-335-pyzel-x-surfskate.jpg;;
skates;"YOW Fanning Falcon Performer 33.5"" Signature Series Surfskate";"El YOW FANNING FALCON PERFORMER 33.5"" SURFSKATE es la última innovación en surfskate inspirada en el legendario power surfing de Mick Fanning. Este modelo único combina lo mejor del surfskate y el skate oldschool, con un diseño inspirado en las tablas pool-shape, un cóncavo pronunciado y rocker en ambos extremos para asegurar estabilidad y precisión en tus maniobras. Equipado con el sistema Meraki (S5) y ruedas Ura 66x51mm 80A, el Fanning Falcon Performer promete una experiencia de surf en asfalto sin precedentes. Perfecto para riders que buscan emular el surf de rail-to-rail y los giros verticales característicos de Mick.";329,88;Yow;https://www.singlequiver.com/39247-large_default/yow-fanning-falcon-performer-335-signature-series-surfskate-2024.jpg;;
skates;"YOW Arica 33"" High Performance Series Surfskate";El YOW ARICA surfskate destaca por su base ancha, un cóncavo pronunciado y rockers tanto en el nose como en el tail, ofreciendo una experiencia versátil en diversos tipos de terreno. Un skate surf que nos encanta como tecnificador de surf.;299,90;Yow;https://www.singlequiver.com/39248-large_default/yow-arica-33-high-performance-series-surfskate-2024.jpg;;
skates;"YOW Lotus 30"" Cruiser";"La Lotus 30"" es un Surf Cruiser versátil y reactivo, inspirado en el equilibrio entre skate y surf. Con 30"" de largo, 8.5"" de ancho y una distancia entre ejes de 14"", ofrece estabilidad y maniobrabilidad. Fabricada con 7 capas de arce Hard Rock, su diseño es perfecto para carving y movimientos fluidos.";195,00;Yow;https://www.singlequiver.com/39951-large_default/yow-lotus-30-cruiser.jpg;;
skates;"YOW  Aritz Aranburu 32.5"" Signature Series Surfskate";Nuevo YOW Aritz Aranburu  uno de los mejores surfskates para iniciarte en el mundo del surfskating;329,90;Yow;https://www.singlequiver.com/39177-large_default/yow-aritz-aranburu-325-signature-series-surfskate.jpg;;
skates;"YOW  La Jolla 35"" Power Surfing Series Surfskate";Nuevo modelo YOW surfskate Jolla 35″es la tabla más larga de la serie Power Surfing. La marca yow surf ha hecho la mezcla perfecta entre Riding Performance y Power Surfing en este nuevo surf skate.;329,90;Yow;https://www.singlequiver.com/39184-large_default/yow-la-jolla-35-power-surfing-series-surfskate.jpg;;
skates;"YOW  Medina Panthera 33.5"" Signature Series Surfskate";Nuevo YOW Gabriel Medina Phantera. El Medina Panthera 33,5″, antes el YOW Medina Camo, presenta ahora un nuevo diseño creado en colaboración por el artista israelí Or Kantor basándose en las directrices de Gabriel Medina.;329,90;Yow;https://www.singlequiver.com/39182-large_default/yow-medina-panthera-335-signature-series-surfskate.jpg;;
skates;"YOW  J-Bay 33"" Power Surfing Series Surfskate";Jeffreys Bay es uno de los cinco destinos más famosos para surfear en el mundo.;299,90;Yow;https://www.singlequiver.com/39187-large_default/yow-j-bay-33-power-surfing-series-surfskate.jpg;;
skates;"YOW Waikiki 40"" Classic Series Surfskate";"El surfskate YOW Waikiki 40” está inspirado en los longboards clásicos de Hawái. Con una amplia superficie de 10"", una distancia entre ejes de 26"" y un cóncavo plano, ofrece estabilidad y fluidez para realizar maniobras como pasos cruzados y giros amplios. Perfecto para una experiencia de surf vintage en el asfalto.";329,88;Yow;https://www.singlequiver.com/39947-large_default/yow-waikiki-40-classic-series-surfskate.jpg;;
skates;Long Island Surfskate Dreamland 32″;Nuevo surfskate Long Island Dreamland 32'' ideal para bombear y practicar surf en el asfalto.;114,60;Long Island;https://www.singlequiver.com/29595-large_default/long-island-surfskate-cape-town-32.jpg;;
skates;Long Island Surfskate Mcfarlane 34″;Long Island Surfskate Mcfarlane 34'' una tabla de surfskate perfecta tanto para la calle como para el bowl o el pumptrack.  Ideal para simular los movimientos del surfing cuando no hay olas.;209,95;Long Island;https://www.singlequiver.com/35796-large_default/long-island-surfskate-costa-rica-34.jpg;;
skates;Long Island Surfskate Manly 30″;El nuevo Long Island Surfskate Manly 30'' es un surf skate para todo tipo de niveles. Ideal para practicar maniobras de surf en el asfalto.;191,00;Long Island;https://www.singlequiver.com/29596-large_default/long-island-surfskate-lombok-30.jpg;;
skates;Long Island Surfskate Endless Summer 32″;Nuevo surfskate Long Island Endless Summer 32'' ideal para bombear y practicar surf en el asfalto.;209,90;Long Island;https://www.singlequiver.com/35794-large_default/long-island-surfskate-journal-32.jpg;;
skates;Long Island Surfskate Search 29.5″;El surfskate Long Island Search 29.5' es ideal para mejorar tu surfing en el asfalto los días sin olas.;209,90;Long Island;https://www.singlequiver.com/35797-large_default/long-island-surfskate-kuala-31.jpg;;
skates;Long Island Surfskate Fish 31″;Nuevo surfskate Long Island Fish 31'' ideal para bombear y practicar surf en el asfalto. Los Long Island son una opción excelente tanto si quieres entrenar los movimientos del surf como si quieres desplazarte por la ciudad como meterte en el bowl. Ideal para principiantes.;209,90;Long Island;https://www.singlequiver.com/35793-large_default/long-island-surfskate-pier-31.jpg;;
skates;Long Island Surfskate Point 29.8″;El surfskate Long Island Point 29.5' es ideal para mejorar tu surfing en el asfalto los días sin olas.;209,90;Long Island;https://www.singlequiver.com/35792-large_default/long-island-surfskate-dawn-29-8.jpg;;
skates;Long Island Surfskate Sunshine 31.2″;Nuevo surfskate Long Island Sunshine 31.2'' ideal para bombear y practicar surf en el asfalto. Con un nose y un tail redondeados y amplios para mayor estabilidad y facilidad para maniobras.;209,00;Long Island;https://www.singlequiver.com/35791-large_default/long-island-surfskate-trace-31-2.jpg;;
skates;Long Island Surfskate Stewart 30″;El nuevo Long Island Surfskate Stewart 30'' es un surf skate para todo tipo de niveles. Ideal para practicar maniobras de surf en el asfalto.;209,90;Long Island;https://www.singlequiver.com/35799-large_default/long-island-surfskate-stewart-30.jpg;;
skates;"Long Islands Surf Rowing 34"" Surfskate";El Rowing es un surf skate más estable que el Mossel, gracias a su wheelbase. Una tabla perfecta para reproducir los movimientos del shortboard surf. ¡Equipado con ruedas 82a para un máximo rendimiento slide!;220,00;Long Island;https://www.singlequiver.com/38177-large_default/long-islands-surf-rowing-34-surfskate.jpg;;
skates;"Long Islands Surf Mossel 33"" Surfskate";La LONG ISLAND Mossel 33'' Surfskate Negro / Amarillo es una patineta altamente versátil y orientada al rendimiento, diseñada para los amantes del surf que quieren llevar la sensación de tallar olas a las calles. Este surfskate presenta un diseño elegante y llamativo en negro y amarillo que transmite estilo y confianza.;220,00;Long Island;https://www.singlequiver.com/38175-large_default/long-islands-surf-mossel-33-surfskate.jpg;;
skates;"Long Islands Surf Ventura 33"" Surfskate";"Fabricada con arce de 7 capas, la Long Island Ventura 33"" garantiza resistencia y durabilidad para cualquier nivel de skate. La combinación de materiales premium asegura que puedas confiar en tu tabla para soportar los rigores del uso diario. Además, sus ruedas Cinetic Crop de 66 x 51 mm con una dureza de 80a ofrecen un deslizamiento suave y controlado, ideal para terrenos urbanos.";220,00;Long Island;https://www.singlequiver.com/38174-large_default/long-islands-surf-ventura-33-surfskate.jpg;;
neoprenos;Hurley Advantage Plus 3/2mm Negro;El traje de neopreno Hurley Advantage Plus 3/2 mm para hombre es un modelo ligero, caliente y cómodo.;175,50;Hurley;https://www.singlequiver.com/36617-large_default/hurley-advantage-plus-3-2mm-negro.jpg;;Man
neoprenos;DAKINE MEN'S QUANTUM CHEST ZIP FULL SUIT 3/2MM;"El Dakine Quantum Chest Zip Full Suit 3/2mm es un traje de neopreno diseñado para ofrecer flexibilidad y rendimiento a un precio accesible. Fabricado con neopreno de piedra caliza y costuras selladas en 3D, asegura durabilidad y comodidad. Su forro FLX_THERMO en los paneles superiores protege del frío, mientras que su diseño sin cremalleras ""Easy in"" facilita su uso y ajuste. Ideal para quienes buscan un traje de alto rendimiento sin comprometer calidad.";181,50;Dakine;https://www.singlequiver.com/39820-large_default/men-s-quantum-chest-zip-full-suit-3-2mm.jpg;;Man
neoprenos;Xcel Comp + 4/3MM;El Xcel Comp + 4/3MM es un traje de neopreno diseñado para ofrecer máxima flexibilidad, comodidad y calor. Su exterior Channel Flex permite una movilidad sin restricciones, mientras que el interior Thermo Dry Infrared proporciona aislamiento térmico superior. Ideal para surfistas que buscan rendimiento y confort en condiciones frías. Además, su construcción ligera y materiales ecológicos garantizan durabilidad y respeto al medio ambiente. El Xcel Comp + es el traje que hay que llevar para una gran elasticidad, un confort superior y mayor calidez.;255,50;Xcel;https://www.singlequiver.com/39896-large_default/xcel-comp-43mm-plus.jpg;;Man
neoprenos;Hurley Advantage 4/3mm Negro;Traje Neopreno Hurley Advantage 4/3mm para hombre es especialmente cómodo y cálido.;169,00;Hurley;https://www.singlequiver.com/36619-large_default/hurley-advantage-4-3mm.jpg;;Man
neoprenos;Hurley Advantage 3/2mm Verde;Traje Neopreno Hurley Advantage 3/2mm para hombre es especialmente cómodo y cálido.;139,75;Hurley;https://www.singlequiver.com/36620-large_default/hurley-advantage-3-2mm-222.jpg;;Man
neoprenos;Hurley Advantage Plus 4/3mm Full Suit;Traje Neopreno Hurley Advantage Plus 4/3mm Full Suit para hombre es especialmente cómodo y cálido.;191,75;Hurley;https://www.singlequiver.com/36605-large_default/hurley-advantage-plus-4-3mm-full-suit.jpg;;Man
neoprenos;NEOPRENO DAKINE HOMBRE MALAMA ZIP FREE FULL SUIT 4/3MM;El neopreno surf Dakine Malama 4/3mm es el mejor traje de neopreno de Dakine Wetsuits en términos de elasticidad y durabilidad. Un traje de surf libre de residuos en su fabricación.;227,98;Dakine;https://www.singlequiver.com/38950-large_default/neopreno-dakine-hombre-malama-zip-free-full-suit-4-3mm.jpg;;Man
neoprenos;Neopreno Vissla HIGH SEAS II 3-2 FULL NO ZIP- STE;"El traje de neopreno HIGH SEAS II 3-2 FULL NO ZIP-STE de Vissla está diseñado para surfistas avanzados que buscan máxima flexibilidad y calidez. Fabricado con neopreno japonés I-Foam y el material ultraflexible ""Ridiculous Rubber"", ofrece un rango de movimiento sin restricciones. Su diseño sin cremallera y costuras selladas garantizan un ajuste perfecto y resistencia al agua. Ideal para quienes priorizan rendimiento y comodidad en el agua.";359,00;Dakine;https://www.singlequiver.com/39658-large_default/neopreno-vissla-high-seas-ii-3-2-full-no-zip-ste.jpg;;Man
neoprenos;Vissla NEW SEAS 4/3 HOODED;El NEOPRENO VISSLA NEW SEAS 4/3MM CON GORRO es la elección ideal para los surfistas que buscan un traje de alto rendimiento, cómodo y cálido, apto para su uso diario. Con este traje, estarás preparado para enfrentar cualquier ola, sin importar las condiciones del agua.;459,00;Vissla;https://www.singlequiver.com/39012-large_default/vissla-new-seas-4-3-hooded.jpg;;Man
neoprenos;Hurley Advantage Plus 4/3mm;El traje de neopreno Hurley Advantage Plus 4/3 mm para mujer es un modelo ligero, caliente y cómodo. El mejor traje neopreno mujer para este invierno.;227,50;Hurley;https://www.singlequiver.com/36611-large_default/hurley-mujer-advantage-plus-43mm.jpg;;Woman
neoprenos;Hurley Advantage 4/3mm Fullsuit Verde;Traje Neopreno Hurley Advantage Plus 4/3mm Fullsuit para mujer perfecto para el invierno.;152,75;Hurley;https://www.singlequiver.com/32660-large_default/hurley-advantage-43mm-fullsuit-verde.jpg;;Woman
neoprenos;HURLEY ADVANTAGE PLUS 5/3 FULLSUIT;El neopreno Hurley Advantage Plus 5/3mm es un traje surf invierno que te permite entrar en el agua cuando bajan las temperaturas.;240,50;Hurley;https://www.singlequiver.com/36609-large_default/hurley-advantage-plus-5-3-fullsuit-mujer.jpg;;Woman
neoprenos;Hurley Advantage Plus 3/2mm Mujer;El traje de neopreno Hurley Advantage Plus 3/2 mm para mujer es un modelo ligero, caliente y cómodo.;178,75;Hurley;https://www.singlequiver.com/28353-large_default/hurley-mujer-advantage-plus-3-2mm.jpg;;Woman
neoprenos;Hurley Advantage 3/2mm Fullsuit Verde;Traje Neopreno Hurley Advantage Plus 3/2mm Fullsuit para mujer perfecto para tener una mayor movilidad en primavera y verano.;156,00;Hurley;https://www.singlequiver.com/36608-large_default/hurley-advantage-32mm-fullsuit-verde.jpg;;Woman
neoprenos;Hurley Advantage Plus 4/3mm Fullsuit Aquamarine;Traje Neopreno Hurley Advantage Plus 4/3mm Fullsuit para mujer perfecto para el invierno.;191,72;Hurley;https://www.singlequiver.com/36612-large_default/hurley-advantage-plus-4-3mm-fullsuit-aquamarine.jpg;;Woman
neoprenos;NEOPRENO DAKINE MUJER MISSION CHEST ZIP HOODED 5/4/3MM;El neopreno dakine mission mujer con capucha y cremallera en el pecho 5/4/3mm marca un nuevo hito en trajes de neopreno de mujer de invierno. Un traje surf que destaca por su elasticidad, ajuste, calidez y tiempo de secado irreales, con una durabilidad inigualable.;519,95;Dakine;https://www.singlequiver.com/38969-large_default/neopreno-dakine-mujer-mission-chest-zip-hooded-5-4-3mm.jpg;;Woman
neoprenos;NEOPRENO DAKINE HOMBRE MISSION CHEST ZIP HOODED 5/4/3MM;El neopreno dakine mission hombre con capucha y cremallera en el pecho 5/4/3mm marca un nuevo hito en trajes de neopreno de mujer de invierno. Un traje surf que destaca por su elasticidad, ajuste, calidez y tiempo de secado irreales, con una durabilidad inigualable.;529,95;Dakine;https://www.singlequiver.com/38973-large_default/neopreno-dakine-hombre-mission-chest-zip-hooded-5-4-3mm.jpg;;Man